-- phpMyAdmin SQL Dump
-- version 5.1.1
-- https://www.phpmyadmin.net/
--
-- Host: 127.0.0.1
-- Generation Time: Mar 31, 2022 at 11:46 AM
-- Server version: 10.4.21-MariaDB
-- PHP Version: 7.4.25

SET SQL_MODE = "NO_AUTO_VALUE_ON_ZERO";
START TRANSACTION;
SET time_zone = "+00:00";


/*!40101 SET @OLD_CHARACTER_SET_CLIENT=@@CHARACTER_SET_CLIENT */;
/*!40101 SET @OLD_CHARACTER_SET_RESULTS=@@CHARACTER_SET_RESULTS */;
/*!40101 SET @OLD_COLLATION_CONNECTION=@@COLLATION_CONNECTION */;
/*!40101 SET NAMES utf8mb4 */;

--
-- Database: `ecommerce`
--

-- --------------------------------------------------------

--
-- Table structure for table `carts`
--

CREATE TABLE `carts` (
  `id` bigint(20) UNSIGNED NOT NULL,
  `user_id` varchar(191) COLLATE utf8mb4_unicode_ci NOT NULL,
  `product_id` varchar(191) COLLATE utf8mb4_unicode_ci NOT NULL,
  `product_qty` varchar(191) COLLATE utf8mb4_unicode_ci NOT NULL,
  `created_at` timestamp NULL DEFAULT NULL,
  `updated_at` timestamp NULL DEFAULT NULL
) ENGINE=InnoDB DEFAULT CHARSET=utf8mb4 COLLATE=utf8mb4_unicode_ci;

-- --------------------------------------------------------

--
-- Table structure for table `categories`
--

CREATE TABLE `categories` (
  `id` bigint(20) UNSIGNED NOT NULL,
  `name` varchar(191) COLLATE utf8mb4_unicode_ci NOT NULL,
  `slug` varchar(191) COLLATE utf8mb4_unicode_ci NOT NULL,
  `description` longtext COLLATE utf8mb4_unicode_ci NOT NULL,
  `status` tinyint(4) NOT NULL DEFAULT 0,
  `popular` tinyint(4) NOT NULL DEFAULT 0,
  `image` varchar(191) COLLATE utf8mb4_unicode_ci NOT NULL,
  `meta_title` varchar(191) COLLATE utf8mb4_unicode_ci NOT NULL,
  `meta_description` varchar(191) COLLATE utf8mb4_unicode_ci NOT NULL,
  `meta_keywords` varchar(191) COLLATE utf8mb4_unicode_ci NOT NULL,
  `created_at` timestamp NULL DEFAULT NULL,
  `updated_at` timestamp NULL DEFAULT NULL
) ENGINE=InnoDB DEFAULT CHARSET=utf8mb4 COLLATE=utf8mb4_unicode_ci;

--
-- Dumping data for table `categories`
--

INSERT INTO `categories` (`id`, `name`, `slug`, `description`, `status`, `popular`, `image`, `meta_title`, `meta_description`, `meta_keywords`, `created_at`, `updated_at`) VALUES
(32, 'Kerajinan Kayu', 'Kayu', 'Kerajinan dari berbagai macam jenis kayu mulai dari jati, mahoni dll.', 1, 1, '1645536198.jpg', 'Kerajinan Kayu', 'Kerajinan dari berbagai macam jenis kayu', 'Kerajinan Kayu', '2022-02-22 05:23:18', '2022-02-22 05:23:18'),
(33, 'Kerajinan Perak', 'Perak', 'Kerajinan Perak yang indah dna menawan', 1, 0, '1645536465.jpg', 'Kerajinan Perak', 'Kerajinan Perak yang indah', 'Kerajinan Perak', '2022-02-22 05:27:45', '2022-03-08 01:08:05'),
(34, 'Kerajinan Kain', 'Kain', 'Kerajinan Kain handmade', 1, 0, '1645536607.jpg', 'Kerajinan Kain', 'Kerajinan Kain handmade', 'Kerajinan Kain', '2022-02-22 05:30:07', '2022-02-22 05:30:07'),
(36, 'Zenia Cooke', 'Honorato', 'Tallulah Livingston', 0, 0, '1645609731.jpg', 'Bevis Austin', 'Magna consequat Eni', 'Voluptatem omnis lab', '2022-02-23 01:48:51', '2022-03-08 01:05:55');

-- --------------------------------------------------------

--
-- Table structure for table `cities`
--

CREATE TABLE `cities` (
  `id` bigint(20) UNSIGNED NOT NULL,
  `province_id` int(10) UNSIGNED NOT NULL,
  `city_id` int(10) UNSIGNED NOT NULL,
  `name` varchar(191) COLLATE utf8mb4_unicode_ci NOT NULL,
  `created_at` timestamp NULL DEFAULT NULL,
  `updated_at` timestamp NULL DEFAULT NULL
) ENGINE=InnoDB DEFAULT CHARSET=utf8mb4 COLLATE=utf8mb4_unicode_ci;

--
-- Dumping data for table `cities`
--

INSERT INTO `cities` (`id`, `province_id`, `city_id`, `name`, `created_at`, `updated_at`) VALUES
(1, 1, 17, 'Badung', '2022-02-25 20:36:29', '2022-02-25 20:36:29'),
(2, 1, 32, 'Bangli', '2022-02-25 20:36:29', '2022-02-25 20:36:29'),
(3, 1, 94, 'Buleleng', '2022-02-25 20:36:29', '2022-02-25 20:36:29'),
(4, 1, 114, 'Denpasar', '2022-02-25 20:36:29', '2022-02-25 20:36:29'),
(5, 1, 128, 'Gianyar', '2022-02-25 20:36:29', '2022-02-25 20:36:29'),
(6, 1, 161, 'Jembrana', '2022-02-25 20:36:29', '2022-02-25 20:36:29'),
(7, 1, 170, 'Karangasem', '2022-02-25 20:36:29', '2022-02-25 20:36:29'),
(8, 1, 197, 'Klungkung', '2022-02-25 20:36:29', '2022-02-25 20:36:29'),
(9, 1, 447, 'Tabanan', '2022-02-25 20:36:29', '2022-02-25 20:36:29'),
(10, 2, 27, 'Bangka', '2022-02-25 20:36:30', '2022-02-25 20:36:30'),
(11, 2, 28, 'Bangka Barat', '2022-02-25 20:36:30', '2022-02-25 20:36:30'),
(12, 2, 29, 'Bangka Selatan', '2022-02-25 20:36:30', '2022-02-25 20:36:30'),
(13, 2, 30, 'Bangka Tengah', '2022-02-25 20:36:30', '2022-02-25 20:36:30'),
(14, 2, 56, 'Belitung', '2022-02-25 20:36:30', '2022-02-25 20:36:30'),
(15, 2, 57, 'Belitung Timur', '2022-02-25 20:36:30', '2022-02-25 20:36:30'),
(16, 2, 334, 'Pangkal Pinang', '2022-02-25 20:36:30', '2022-02-25 20:36:30'),
(17, 3, 106, 'Cilegon', '2022-02-25 20:36:31', '2022-02-25 20:36:31'),
(18, 3, 232, 'Lebak', '2022-02-25 20:36:31', '2022-02-25 20:36:31'),
(19, 3, 331, 'Pandeglang', '2022-02-25 20:36:31', '2022-02-25 20:36:31'),
(20, 3, 402, 'Serang', '2022-02-25 20:36:31', '2022-02-25 20:36:31'),
(21, 3, 403, 'Serang', '2022-02-25 20:36:31', '2022-02-25 20:36:31'),
(22, 3, 455, 'Tangerang', '2022-02-25 20:36:31', '2022-02-25 20:36:31'),
(23, 3, 456, 'Tangerang', '2022-02-25 20:36:31', '2022-02-25 20:36:31'),
(24, 3, 457, 'Tangerang Selatan', '2022-02-25 20:36:31', '2022-02-25 20:36:31'),
(25, 4, 62, 'Bengkulu', '2022-02-25 20:36:32', '2022-02-25 20:36:32'),
(26, 4, 63, 'Bengkulu Selatan', '2022-02-25 20:36:32', '2022-02-25 20:36:32'),
(27, 4, 64, 'Bengkulu Tengah', '2022-02-25 20:36:32', '2022-02-25 20:36:32'),
(28, 4, 65, 'Bengkulu Utara', '2022-02-25 20:36:32', '2022-02-25 20:36:32'),
(29, 4, 175, 'Kaur', '2022-02-25 20:36:32', '2022-02-25 20:36:32'),
(30, 4, 183, 'Kepahiang', '2022-02-25 20:36:32', '2022-02-25 20:36:32'),
(31, 4, 233, 'Lebong', '2022-02-25 20:36:32', '2022-02-25 20:36:32'),
(32, 4, 294, 'Muko Muko', '2022-02-25 20:36:32', '2022-02-25 20:36:32'),
(33, 4, 379, 'Rejang Lebong', '2022-02-25 20:36:32', '2022-02-25 20:36:32'),
(34, 4, 397, 'Seluma', '2022-02-25 20:36:32', '2022-02-25 20:36:32'),
(35, 5, 39, 'Bantul', '2022-02-25 20:36:33', '2022-02-25 20:36:33'),
(36, 5, 135, 'Gunung Kidul', '2022-02-25 20:36:33', '2022-02-25 20:36:33'),
(37, 5, 210, 'Kulon Progo', '2022-02-25 20:36:33', '2022-02-25 20:36:33'),
(38, 5, 419, 'Sleman', '2022-02-25 20:36:33', '2022-02-25 20:36:33'),
(39, 5, 501, 'Yogyakarta', '2022-02-25 20:36:33', '2022-02-25 20:36:33'),
(40, 6, 151, 'Jakarta Barat', '2022-02-25 20:36:34', '2022-02-25 20:36:34'),
(41, 6, 152, 'Jakarta Pusat', '2022-02-25 20:36:34', '2022-02-25 20:36:34'),
(42, 6, 153, 'Jakarta Selatan', '2022-02-25 20:36:34', '2022-02-25 20:36:34'),
(43, 6, 154, 'Jakarta Timur', '2022-02-25 20:36:34', '2022-02-25 20:36:34'),
(44, 6, 155, 'Jakarta Utara', '2022-02-25 20:36:34', '2022-02-25 20:36:34'),
(45, 6, 189, 'Kepulauan Seribu', '2022-02-25 20:36:34', '2022-02-25 20:36:34'),
(46, 7, 77, 'Boalemo', '2022-02-25 20:36:36', '2022-02-25 20:36:36'),
(47, 7, 88, 'Bone Bolango', '2022-02-25 20:36:36', '2022-02-25 20:36:36'),
(48, 7, 129, 'Gorontalo', '2022-02-25 20:36:36', '2022-02-25 20:36:36'),
(49, 7, 130, 'Gorontalo', '2022-02-25 20:36:36', '2022-02-25 20:36:36'),
(50, 7, 131, 'Gorontalo Utara', '2022-02-25 20:36:36', '2022-02-25 20:36:36'),
(51, 7, 361, 'Pohuwato', '2022-02-25 20:36:36', '2022-02-25 20:36:36'),
(52, 8, 50, 'Batang Hari', '2022-02-25 20:36:37', '2022-02-25 20:36:37'),
(53, 8, 97, 'Bungo', '2022-02-25 20:36:37', '2022-02-25 20:36:37'),
(54, 8, 156, 'Jambi', '2022-02-25 20:36:37', '2022-02-25 20:36:37'),
(55, 8, 194, 'Kerinci', '2022-02-25 20:36:37', '2022-02-25 20:36:37'),
(56, 8, 280, 'Merangin', '2022-02-25 20:36:37', '2022-02-25 20:36:37'),
(57, 8, 293, 'Muaro Jambi', '2022-02-25 20:36:37', '2022-02-25 20:36:37'),
(58, 8, 393, 'Sarolangun', '2022-02-25 20:36:37', '2022-02-25 20:36:37'),
(59, 8, 442, 'Sungaipenuh', '2022-02-25 20:36:37', '2022-02-25 20:36:37'),
(60, 8, 460, 'Tanjung Jabung Barat', '2022-02-25 20:36:37', '2022-02-25 20:36:37'),
(61, 8, 461, 'Tanjung Jabung Timur', '2022-02-25 20:36:37', '2022-02-25 20:36:37'),
(62, 8, 471, 'Tebo', '2022-02-25 20:36:37', '2022-02-25 20:36:37'),
(63, 9, 22, 'Bandung', '2022-02-25 20:36:38', '2022-02-25 20:36:38'),
(64, 9, 23, 'Bandung', '2022-02-25 20:36:38', '2022-02-25 20:36:38'),
(65, 9, 24, 'Bandung Barat', '2022-02-25 20:36:38', '2022-02-25 20:36:38'),
(66, 9, 34, 'Banjar', '2022-02-25 20:36:38', '2022-02-25 20:36:38'),
(67, 9, 54, 'Bekasi', '2022-02-25 20:36:38', '2022-02-25 20:36:38'),
(68, 9, 55, 'Bekasi', '2022-02-25 20:36:38', '2022-02-25 20:36:38'),
(69, 9, 78, 'Bogor', '2022-02-25 20:36:38', '2022-02-25 20:36:38'),
(70, 9, 79, 'Bogor', '2022-02-25 20:36:38', '2022-02-25 20:36:38'),
(71, 9, 103, 'Ciamis', '2022-02-25 20:36:38', '2022-02-25 20:36:38'),
(72, 9, 104, 'Cianjur', '2022-02-25 20:36:38', '2022-02-25 20:36:38'),
(73, 9, 107, 'Cimahi', '2022-02-25 20:36:38', '2022-02-25 20:36:38'),
(74, 9, 108, 'Cirebon', '2022-02-25 20:36:38', '2022-02-25 20:36:38'),
(75, 9, 109, 'Cirebon', '2022-02-25 20:36:38', '2022-02-25 20:36:38'),
(76, 9, 115, 'Depok', '2022-02-25 20:36:38', '2022-02-25 20:36:38'),
(77, 9, 126, 'Garut', '2022-02-25 20:36:38', '2022-02-25 20:36:38'),
(78, 9, 149, 'Indramayu', '2022-02-25 20:36:38', '2022-02-25 20:36:38'),
(79, 9, 171, 'Karawang', '2022-02-25 20:36:38', '2022-02-25 20:36:38'),
(80, 9, 211, 'Kuningan', '2022-02-25 20:36:38', '2022-02-25 20:36:38'),
(81, 9, 252, 'Majalengka', '2022-02-25 20:36:38', '2022-02-25 20:36:38'),
(82, 9, 332, 'Pangandaran', '2022-02-25 20:36:38', '2022-02-25 20:36:38'),
(83, 9, 376, 'Purwakarta', '2022-02-25 20:36:38', '2022-02-25 20:36:38'),
(84, 9, 428, 'Subang', '2022-02-25 20:36:38', '2022-02-25 20:36:38'),
(85, 9, 430, 'Sukabumi', '2022-02-25 20:36:38', '2022-02-25 20:36:38'),
(86, 9, 431, 'Sukabumi', '2022-02-25 20:36:38', '2022-02-25 20:36:38'),
(87, 9, 440, 'Sumedang', '2022-02-25 20:36:38', '2022-02-25 20:36:38'),
(88, 9, 468, 'Tasikmalaya', '2022-02-25 20:36:38', '2022-02-25 20:36:38'),
(89, 9, 469, 'Tasikmalaya', '2022-02-25 20:36:38', '2022-02-25 20:36:38'),
(90, 10, 37, 'Banjarnegara', '2022-02-25 20:36:39', '2022-02-25 20:36:39'),
(91, 10, 41, 'Banyumas', '2022-02-25 20:36:39', '2022-02-25 20:36:39'),
(92, 10, 49, 'Batang', '2022-02-25 20:36:39', '2022-02-25 20:36:39'),
(93, 10, 76, 'Blora', '2022-02-25 20:36:39', '2022-02-25 20:36:39'),
(94, 10, 91, 'Boyolali', '2022-02-25 20:36:39', '2022-02-25 20:36:39'),
(95, 10, 92, 'Brebes', '2022-02-25 20:36:39', '2022-02-25 20:36:39'),
(96, 10, 105, 'Cilacap', '2022-02-25 20:36:39', '2022-02-25 20:36:39'),
(97, 10, 113, 'Demak', '2022-02-25 20:36:39', '2022-02-25 20:36:39'),
(98, 10, 134, 'Grobogan', '2022-02-25 20:36:39', '2022-02-25 20:36:39'),
(99, 10, 163, 'Jepara', '2022-02-25 20:36:39', '2022-02-25 20:36:39'),
(100, 10, 169, 'Karanganyar', '2022-02-25 20:36:39', '2022-02-25 20:36:39'),
(101, 10, 177, 'Kebumen', '2022-02-25 20:36:39', '2022-02-25 20:36:39'),
(102, 10, 181, 'Kendal', '2022-02-25 20:36:39', '2022-02-25 20:36:39'),
(103, 10, 196, 'Klaten', '2022-02-25 20:36:39', '2022-02-25 20:36:39'),
(104, 10, 209, 'Kudus', '2022-02-25 20:36:39', '2022-02-25 20:36:39'),
(105, 10, 249, 'Magelang', '2022-02-25 20:36:39', '2022-02-25 20:36:39'),
(106, 10, 250, 'Magelang', '2022-02-25 20:36:39', '2022-02-25 20:36:39'),
(107, 10, 344, 'Pati', '2022-02-25 20:36:39', '2022-02-25 20:36:39'),
(108, 10, 348, 'Pekalongan', '2022-02-25 20:36:39', '2022-02-25 20:36:39'),
(109, 10, 349, 'Pekalongan', '2022-02-25 20:36:39', '2022-02-25 20:36:39'),
(110, 10, 352, 'Pemalang', '2022-02-25 20:36:39', '2022-02-25 20:36:39'),
(111, 10, 375, 'Purbalingga', '2022-02-25 20:36:39', '2022-02-25 20:36:39'),
(112, 10, 377, 'Purworejo', '2022-02-25 20:36:39', '2022-02-25 20:36:39'),
(113, 10, 380, 'Rembang', '2022-02-25 20:36:39', '2022-02-25 20:36:39'),
(114, 10, 386, 'Salatiga', '2022-02-25 20:36:39', '2022-02-25 20:36:39'),
(115, 10, 398, 'Semarang', '2022-02-25 20:36:39', '2022-02-25 20:36:39'),
(116, 10, 399, 'Semarang', '2022-02-25 20:36:39', '2022-02-25 20:36:39'),
(117, 10, 427, 'Sragen', '2022-02-25 20:36:39', '2022-02-25 20:36:39'),
(118, 10, 433, 'Sukoharjo', '2022-02-25 20:36:39', '2022-02-25 20:36:39'),
(119, 10, 445, 'Surakarta (Solo)', '2022-02-25 20:36:39', '2022-02-25 20:36:39'),
(120, 10, 472, 'Tegal', '2022-02-25 20:36:39', '2022-02-25 20:36:39'),
(121, 10, 473, 'Tegal', '2022-02-25 20:36:39', '2022-02-25 20:36:39'),
(122, 10, 476, 'Temanggung', '2022-02-25 20:36:39', '2022-02-25 20:36:39'),
(123, 10, 497, 'Wonogiri', '2022-02-25 20:36:39', '2022-02-25 20:36:39'),
(124, 10, 498, 'Wonosobo', '2022-02-25 20:36:39', '2022-02-25 20:36:39'),
(125, 11, 31, 'Bangkalan', '2022-02-25 20:36:40', '2022-02-25 20:36:40'),
(126, 11, 42, 'Banyuwangi', '2022-02-25 20:36:40', '2022-02-25 20:36:40'),
(127, 11, 51, 'Batu', '2022-02-25 20:36:40', '2022-02-25 20:36:40'),
(128, 11, 74, 'Blitar', '2022-02-25 20:36:40', '2022-02-25 20:36:40'),
(129, 11, 75, 'Blitar', '2022-02-25 20:36:40', '2022-02-25 20:36:40'),
(130, 11, 80, 'Bojonegoro', '2022-02-25 20:36:40', '2022-02-25 20:36:40'),
(131, 11, 86, 'Bondowoso', '2022-02-25 20:36:40', '2022-02-25 20:36:40'),
(132, 11, 133, 'Gresik', '2022-02-25 20:36:40', '2022-02-25 20:36:40'),
(133, 11, 160, 'Jember', '2022-02-25 20:36:40', '2022-02-25 20:36:40'),
(134, 11, 164, 'Jombang', '2022-02-25 20:36:40', '2022-02-25 20:36:40'),
(135, 11, 178, 'Kediri', '2022-02-25 20:36:40', '2022-02-25 20:36:40'),
(136, 11, 179, 'Kediri', '2022-02-25 20:36:40', '2022-02-25 20:36:40'),
(137, 11, 222, 'Lamongan', '2022-02-25 20:36:40', '2022-02-25 20:36:40'),
(138, 11, 243, 'Lumajang', '2022-02-25 20:36:40', '2022-02-25 20:36:40'),
(139, 11, 247, 'Madiun', '2022-02-25 20:36:40', '2022-02-25 20:36:40'),
(140, 11, 248, 'Madiun', '2022-02-25 20:36:40', '2022-02-25 20:36:40'),
(141, 11, 251, 'Magetan', '2022-02-25 20:36:40', '2022-02-25 20:36:40'),
(142, 11, 255, 'Malang', '2022-02-25 20:36:40', '2022-02-25 20:36:40'),
(143, 11, 256, 'Malang', '2022-02-25 20:36:40', '2022-02-25 20:36:40'),
(144, 11, 289, 'Mojokerto', '2022-02-25 20:36:40', '2022-02-25 20:36:40'),
(145, 11, 290, 'Mojokerto', '2022-02-25 20:36:40', '2022-02-25 20:36:40'),
(146, 11, 305, 'Nganjuk', '2022-02-25 20:36:40', '2022-02-25 20:36:40'),
(147, 11, 306, 'Ngawi', '2022-02-25 20:36:40', '2022-02-25 20:36:40'),
(148, 11, 317, 'Pacitan', '2022-02-25 20:36:40', '2022-02-25 20:36:40'),
(149, 11, 330, 'Pamekasan', '2022-02-25 20:36:40', '2022-02-25 20:36:40'),
(150, 11, 342, 'Pasuruan', '2022-02-25 20:36:40', '2022-02-25 20:36:40'),
(151, 11, 343, 'Pasuruan', '2022-02-25 20:36:40', '2022-02-25 20:36:40'),
(152, 11, 363, 'Ponorogo', '2022-02-25 20:36:40', '2022-02-25 20:36:40'),
(153, 11, 369, 'Probolinggo', '2022-02-25 20:36:40', '2022-02-25 20:36:40'),
(154, 11, 370, 'Probolinggo', '2022-02-25 20:36:40', '2022-02-25 20:36:40'),
(155, 11, 390, 'Sampang', '2022-02-25 20:36:40', '2022-02-25 20:36:40'),
(156, 11, 409, 'Sidoarjo', '2022-02-25 20:36:40', '2022-02-25 20:36:40'),
(157, 11, 418, 'Situbondo', '2022-02-25 20:36:40', '2022-02-25 20:36:40'),
(158, 11, 441, 'Sumenep', '2022-02-25 20:36:40', '2022-02-25 20:36:40'),
(159, 11, 444, 'Surabaya', '2022-02-25 20:36:40', '2022-02-25 20:36:40'),
(160, 11, 487, 'Trenggalek', '2022-02-25 20:36:40', '2022-02-25 20:36:40'),
(161, 11, 489, 'Tuban', '2022-02-25 20:36:40', '2022-02-25 20:36:40'),
(162, 11, 492, 'Tulungagung', '2022-02-25 20:36:40', '2022-02-25 20:36:40'),
(163, 12, 61, 'Bengkayang', '2022-02-25 20:36:42', '2022-02-25 20:36:42'),
(164, 12, 168, 'Kapuas Hulu', '2022-02-25 20:36:42', '2022-02-25 20:36:42'),
(165, 12, 176, 'Kayong Utara', '2022-02-25 20:36:42', '2022-02-25 20:36:42'),
(166, 12, 195, 'Ketapang', '2022-02-25 20:36:42', '2022-02-25 20:36:42'),
(167, 12, 208, 'Kubu Raya', '2022-02-25 20:36:42', '2022-02-25 20:36:42'),
(168, 12, 228, 'Landak', '2022-02-25 20:36:42', '2022-02-25 20:36:42'),
(169, 12, 279, 'Melawi', '2022-02-25 20:36:42', '2022-02-25 20:36:42'),
(170, 12, 364, 'Pontianak', '2022-02-25 20:36:42', '2022-02-25 20:36:42'),
(171, 12, 365, 'Pontianak', '2022-02-25 20:36:42', '2022-02-25 20:36:42'),
(172, 12, 388, 'Sambas', '2022-02-25 20:36:42', '2022-02-25 20:36:42'),
(173, 12, 391, 'Sanggau', '2022-02-25 20:36:42', '2022-02-25 20:36:42'),
(174, 12, 395, 'Sekadau', '2022-02-25 20:36:42', '2022-02-25 20:36:42'),
(175, 12, 415, 'Singkawang', '2022-02-25 20:36:42', '2022-02-25 20:36:42'),
(176, 12, 417, 'Sintang', '2022-02-25 20:36:42', '2022-02-25 20:36:42'),
(177, 13, 18, 'Balangan', '2022-02-25 20:36:43', '2022-02-25 20:36:43'),
(178, 13, 33, 'Banjar', '2022-02-25 20:36:43', '2022-02-25 20:36:43'),
(179, 13, 35, 'Banjarbaru', '2022-02-25 20:36:43', '2022-02-25 20:36:43'),
(180, 13, 36, 'Banjarmasin', '2022-02-25 20:36:43', '2022-02-25 20:36:43'),
(181, 13, 43, 'Barito Kuala', '2022-02-25 20:36:43', '2022-02-25 20:36:43'),
(182, 13, 143, 'Hulu Sungai Selatan', '2022-02-25 20:36:43', '2022-02-25 20:36:43'),
(183, 13, 144, 'Hulu Sungai Tengah', '2022-02-25 20:36:43', '2022-02-25 20:36:43'),
(184, 13, 145, 'Hulu Sungai Utara', '2022-02-25 20:36:43', '2022-02-25 20:36:43'),
(185, 13, 203, 'Kotabaru', '2022-02-25 20:36:43', '2022-02-25 20:36:43'),
(186, 13, 446, 'Tabalong', '2022-02-25 20:36:43', '2022-02-25 20:36:43'),
(187, 13, 452, 'Tanah Bumbu', '2022-02-25 20:36:43', '2022-02-25 20:36:43'),
(188, 13, 454, 'Tanah Laut', '2022-02-25 20:36:43', '2022-02-25 20:36:43'),
(189, 13, 466, 'Tapin', '2022-02-25 20:36:43', '2022-02-25 20:36:43'),
(190, 14, 44, 'Barito Selatan', '2022-02-25 20:36:44', '2022-02-25 20:36:44'),
(191, 14, 45, 'Barito Timur', '2022-02-25 20:36:44', '2022-02-25 20:36:44'),
(192, 14, 46, 'Barito Utara', '2022-02-25 20:36:44', '2022-02-25 20:36:44'),
(193, 14, 136, 'Gunung Mas', '2022-02-25 20:36:44', '2022-02-25 20:36:44'),
(194, 14, 167, 'Kapuas', '2022-02-25 20:36:44', '2022-02-25 20:36:44'),
(195, 14, 174, 'Katingan', '2022-02-25 20:36:44', '2022-02-25 20:36:44'),
(196, 14, 205, 'Kotawaringin Barat', '2022-02-25 20:36:44', '2022-02-25 20:36:44'),
(197, 14, 206, 'Kotawaringin Timur', '2022-02-25 20:36:44', '2022-02-25 20:36:44'),
(198, 14, 221, 'Lamandau', '2022-02-25 20:36:44', '2022-02-25 20:36:44'),
(199, 14, 296, 'Murung Raya', '2022-02-25 20:36:44', '2022-02-25 20:36:44'),
(200, 14, 326, 'Palangka Raya', '2022-02-25 20:36:44', '2022-02-25 20:36:44'),
(201, 14, 371, 'Pulang Pisau', '2022-02-25 20:36:44', '2022-02-25 20:36:44'),
(202, 14, 405, 'Seruyan', '2022-02-25 20:36:44', '2022-02-25 20:36:44'),
(203, 14, 432, 'Sukamara', '2022-02-25 20:36:44', '2022-02-25 20:36:44'),
(204, 15, 19, 'Balikpapan', '2022-02-25 20:36:45', '2022-02-25 20:36:45'),
(205, 15, 66, 'Berau', '2022-02-25 20:36:45', '2022-02-25 20:36:45'),
(206, 15, 89, 'Bontang', '2022-02-25 20:36:45', '2022-02-25 20:36:45'),
(207, 15, 214, 'Kutai Barat', '2022-02-25 20:36:45', '2022-02-25 20:36:45'),
(208, 15, 215, 'Kutai Kartanegara', '2022-02-25 20:36:45', '2022-02-25 20:36:45'),
(209, 15, 216, 'Kutai Timur', '2022-02-25 20:36:45', '2022-02-25 20:36:45'),
(210, 15, 341, 'Paser', '2022-02-25 20:36:45', '2022-02-25 20:36:45'),
(211, 15, 354, 'Penajam Paser Utara', '2022-02-25 20:36:45', '2022-02-25 20:36:45'),
(212, 15, 387, 'Samarinda', '2022-02-25 20:36:45', '2022-02-25 20:36:45'),
(213, 16, 96, 'Bulungan (Bulongan)', '2022-02-25 20:36:46', '2022-02-25 20:36:46'),
(214, 16, 257, 'Malinau', '2022-02-25 20:36:46', '2022-02-25 20:36:46'),
(215, 16, 311, 'Nunukan', '2022-02-25 20:36:46', '2022-02-25 20:36:46'),
(216, 16, 450, 'Tana Tidung', '2022-02-25 20:36:46', '2022-02-25 20:36:46'),
(217, 16, 467, 'Tarakan', '2022-02-25 20:36:46', '2022-02-25 20:36:46'),
(218, 17, 48, 'Batam', '2022-02-25 20:36:47', '2022-02-25 20:36:47'),
(219, 17, 71, 'Bintan', '2022-02-25 20:36:47', '2022-02-25 20:36:47'),
(220, 17, 172, 'Karimun', '2022-02-25 20:36:47', '2022-02-25 20:36:47'),
(221, 17, 184, 'Kepulauan Anambas', '2022-02-25 20:36:47', '2022-02-25 20:36:47'),
(222, 17, 237, 'Lingga', '2022-02-25 20:36:47', '2022-02-25 20:36:47'),
(223, 17, 302, 'Natuna', '2022-02-25 20:36:47', '2022-02-25 20:36:47'),
(224, 17, 462, 'Tanjung Pinang', '2022-02-25 20:36:47', '2022-02-25 20:36:47'),
(225, 18, 21, 'Bandar Lampung', '2022-02-25 20:36:48', '2022-02-25 20:36:48'),
(226, 18, 223, 'Lampung Barat', '2022-02-25 20:36:48', '2022-02-25 20:36:48'),
(227, 18, 224, 'Lampung Selatan', '2022-02-25 20:36:48', '2022-02-25 20:36:48'),
(228, 18, 225, 'Lampung Tengah', '2022-02-25 20:36:48', '2022-02-25 20:36:48'),
(229, 18, 226, 'Lampung Timur', '2022-02-25 20:36:48', '2022-02-25 20:36:48'),
(230, 18, 227, 'Lampung Utara', '2022-02-25 20:36:48', '2022-02-25 20:36:48'),
(231, 18, 282, 'Mesuji', '2022-02-25 20:36:48', '2022-02-25 20:36:48'),
(232, 18, 283, 'Metro', '2022-02-25 20:36:48', '2022-02-25 20:36:48'),
(233, 18, 355, 'Pesawaran', '2022-02-25 20:36:48', '2022-02-25 20:36:48'),
(234, 18, 356, 'Pesisir Barat', '2022-02-25 20:36:48', '2022-02-25 20:36:48'),
(235, 18, 368, 'Pringsewu', '2022-02-25 20:36:48', '2022-02-25 20:36:48'),
(236, 18, 458, 'Tanggamus', '2022-02-25 20:36:48', '2022-02-25 20:36:48'),
(237, 18, 490, 'Tulang Bawang', '2022-02-25 20:36:48', '2022-02-25 20:36:48'),
(238, 18, 491, 'Tulang Bawang Barat', '2022-02-25 20:36:48', '2022-02-25 20:36:48'),
(239, 18, 496, 'Way Kanan', '2022-02-25 20:36:48', '2022-02-25 20:36:48'),
(240, 19, 14, 'Ambon', '2022-02-25 20:36:50', '2022-02-25 20:36:50'),
(241, 19, 99, 'Buru', '2022-02-25 20:36:50', '2022-02-25 20:36:50'),
(242, 19, 100, 'Buru Selatan', '2022-02-25 20:36:50', '2022-02-25 20:36:50'),
(243, 19, 185, 'Kepulauan Aru', '2022-02-25 20:36:50', '2022-02-25 20:36:50'),
(244, 19, 258, 'Maluku Barat Daya', '2022-02-25 20:36:50', '2022-02-25 20:36:50'),
(245, 19, 259, 'Maluku Tengah', '2022-02-25 20:36:50', '2022-02-25 20:36:50'),
(246, 19, 260, 'Maluku Tenggara', '2022-02-25 20:36:50', '2022-02-25 20:36:50'),
(247, 19, 261, 'Maluku Tenggara Barat', '2022-02-25 20:36:50', '2022-02-25 20:36:50'),
(248, 19, 400, 'Seram Bagian Barat', '2022-02-25 20:36:50', '2022-02-25 20:36:50'),
(249, 19, 401, 'Seram Bagian Timur', '2022-02-25 20:36:50', '2022-02-25 20:36:50'),
(250, 19, 488, 'Tual', '2022-02-25 20:36:50', '2022-02-25 20:36:50'),
(251, 20, 138, 'Halmahera Barat', '2022-02-25 20:36:51', '2022-02-25 20:36:51'),
(252, 20, 139, 'Halmahera Selatan', '2022-02-25 20:36:51', '2022-02-25 20:36:51'),
(253, 20, 140, 'Halmahera Tengah', '2022-02-25 20:36:51', '2022-02-25 20:36:51'),
(254, 20, 141, 'Halmahera Timur', '2022-02-25 20:36:51', '2022-02-25 20:36:51'),
(255, 20, 142, 'Halmahera Utara', '2022-02-25 20:36:51', '2022-02-25 20:36:51'),
(256, 20, 191, 'Kepulauan Sula', '2022-02-25 20:36:51', '2022-02-25 20:36:51'),
(257, 20, 372, 'Pulau Morotai', '2022-02-25 20:36:51', '2022-02-25 20:36:51'),
(258, 20, 477, 'Ternate', '2022-02-25 20:36:51', '2022-02-25 20:36:51'),
(259, 20, 478, 'Tidore Kepulauan', '2022-02-25 20:36:51', '2022-02-25 20:36:51'),
(260, 21, 1, 'Aceh Barat', '2022-02-25 20:36:52', '2022-02-25 20:36:52'),
(261, 21, 2, 'Aceh Barat Daya', '2022-02-25 20:36:52', '2022-02-25 20:36:52'),
(262, 21, 3, 'Aceh Besar', '2022-02-25 20:36:52', '2022-02-25 20:36:52'),
(263, 21, 4, 'Aceh Jaya', '2022-02-25 20:36:52', '2022-02-25 20:36:52'),
(264, 21, 5, 'Aceh Selatan', '2022-02-25 20:36:52', '2022-02-25 20:36:52'),
(265, 21, 6, 'Aceh Singkil', '2022-02-25 20:36:52', '2022-02-25 20:36:52'),
(266, 21, 7, 'Aceh Tamiang', '2022-02-25 20:36:52', '2022-02-25 20:36:52'),
(267, 21, 8, 'Aceh Tengah', '2022-02-25 20:36:52', '2022-02-25 20:36:52'),
(268, 21, 9, 'Aceh Tenggara', '2022-02-25 20:36:52', '2022-02-25 20:36:52'),
(269, 21, 10, 'Aceh Timur', '2022-02-25 20:36:52', '2022-02-25 20:36:52'),
(270, 21, 11, 'Aceh Utara', '2022-02-25 20:36:52', '2022-02-25 20:36:52'),
(271, 21, 20, 'Banda Aceh', '2022-02-25 20:36:52', '2022-02-25 20:36:52'),
(272, 21, 59, 'Bener Meriah', '2022-02-25 20:36:52', '2022-02-25 20:36:52'),
(273, 21, 72, 'Bireuen', '2022-02-25 20:36:52', '2022-02-25 20:36:52'),
(274, 21, 127, 'Gayo Lues', '2022-02-25 20:36:52', '2022-02-25 20:36:52'),
(275, 21, 230, 'Langsa', '2022-02-25 20:36:52', '2022-02-25 20:36:52'),
(276, 21, 235, 'Lhokseumawe', '2022-02-25 20:36:52', '2022-02-25 20:36:52'),
(277, 21, 300, 'Nagan Raya', '2022-02-25 20:36:52', '2022-02-25 20:36:52'),
(278, 21, 358, 'Pidie', '2022-02-25 20:36:52', '2022-02-25 20:36:52'),
(279, 21, 359, 'Pidie Jaya', '2022-02-25 20:36:52', '2022-02-25 20:36:52'),
(280, 21, 384, 'Sabang', '2022-02-25 20:36:52', '2022-02-25 20:36:52'),
(281, 21, 414, 'Simeulue', '2022-02-25 20:36:52', '2022-02-25 20:36:52'),
(282, 21, 429, 'Subulussalam', '2022-02-25 20:36:52', '2022-02-25 20:36:52'),
(283, 22, 68, 'Bima', '2022-02-25 20:36:53', '2022-02-25 20:36:53'),
(284, 22, 69, 'Bima', '2022-02-25 20:36:53', '2022-02-25 20:36:53'),
(285, 22, 118, 'Dompu', '2022-02-25 20:36:53', '2022-02-25 20:36:53'),
(286, 22, 238, 'Lombok Barat', '2022-02-25 20:36:53', '2022-02-25 20:36:53'),
(287, 22, 239, 'Lombok Tengah', '2022-02-25 20:36:53', '2022-02-25 20:36:53'),
(288, 22, 240, 'Lombok Timur', '2022-02-25 20:36:53', '2022-02-25 20:36:53'),
(289, 22, 241, 'Lombok Utara', '2022-02-25 20:36:53', '2022-02-25 20:36:53'),
(290, 22, 276, 'Mataram', '2022-02-25 20:36:53', '2022-02-25 20:36:53'),
(291, 22, 438, 'Sumbawa', '2022-02-25 20:36:53', '2022-02-25 20:36:53'),
(292, 22, 439, 'Sumbawa Barat', '2022-02-25 20:36:53', '2022-02-25 20:36:53'),
(293, 23, 13, 'Alor', '2022-02-25 20:36:54', '2022-02-25 20:36:54'),
(294, 23, 58, 'Belu', '2022-02-25 20:36:54', '2022-02-25 20:36:54'),
(295, 23, 122, 'Ende', '2022-02-25 20:36:54', '2022-02-25 20:36:54'),
(296, 23, 125, 'Flores Timur', '2022-02-25 20:36:54', '2022-02-25 20:36:54'),
(297, 23, 212, 'Kupang', '2022-02-25 20:36:54', '2022-02-25 20:36:54'),
(298, 23, 213, 'Kupang', '2022-02-25 20:36:54', '2022-02-25 20:36:54'),
(299, 23, 234, 'Lembata', '2022-02-25 20:36:54', '2022-02-25 20:36:54'),
(300, 23, 269, 'Manggarai', '2022-02-25 20:36:54', '2022-02-25 20:36:54'),
(301, 23, 270, 'Manggarai Barat', '2022-02-25 20:36:54', '2022-02-25 20:36:54'),
(302, 23, 271, 'Manggarai Timur', '2022-02-25 20:36:54', '2022-02-25 20:36:54'),
(303, 23, 301, 'Nagekeo', '2022-02-25 20:36:54', '2022-02-25 20:36:54'),
(304, 23, 304, 'Ngada', '2022-02-25 20:36:54', '2022-02-25 20:36:54'),
(305, 23, 383, 'Rote Ndao', '2022-02-25 20:36:54', '2022-02-25 20:36:54'),
(306, 23, 385, 'Sabu Raijua', '2022-02-25 20:36:54', '2022-02-25 20:36:54'),
(307, 23, 412, 'Sikka', '2022-02-25 20:36:54', '2022-02-25 20:36:54'),
(308, 23, 434, 'Sumba Barat', '2022-02-25 20:36:54', '2022-02-25 20:36:54'),
(309, 23, 435, 'Sumba Barat Daya', '2022-02-25 20:36:54', '2022-02-25 20:36:54'),
(310, 23, 436, 'Sumba Tengah', '2022-02-25 20:36:54', '2022-02-25 20:36:54'),
(311, 23, 437, 'Sumba Timur', '2022-02-25 20:36:54', '2022-02-25 20:36:54'),
(312, 23, 479, 'Timor Tengah Selatan', '2022-02-25 20:36:54', '2022-02-25 20:36:54'),
(313, 23, 480, 'Timor Tengah Utara', '2022-02-25 20:36:54', '2022-02-25 20:36:54'),
(314, 24, 16, 'Asmat', '2022-02-25 20:36:56', '2022-02-25 20:36:56'),
(315, 24, 67, 'Biak Numfor', '2022-02-25 20:36:56', '2022-02-25 20:36:56'),
(316, 24, 90, 'Boven Digoel', '2022-02-25 20:36:56', '2022-02-25 20:36:56'),
(317, 24, 111, 'Deiyai (Deliyai)', '2022-02-25 20:36:56', '2022-02-25 20:36:56'),
(318, 24, 117, 'Dogiyai', '2022-02-25 20:36:56', '2022-02-25 20:36:56'),
(319, 24, 150, 'Intan Jaya', '2022-02-25 20:36:56', '2022-02-25 20:36:56'),
(320, 24, 157, 'Jayapura', '2022-02-25 20:36:56', '2022-02-25 20:36:56'),
(321, 24, 158, 'Jayapura', '2022-02-25 20:36:56', '2022-02-25 20:36:56'),
(322, 24, 159, 'Jayawijaya', '2022-02-25 20:36:56', '2022-02-25 20:36:56'),
(323, 24, 180, 'Keerom', '2022-02-25 20:36:56', '2022-02-25 20:36:56'),
(324, 24, 193, 'Kepulauan Yapen (Yapen Waropen)', '2022-02-25 20:36:56', '2022-02-25 20:36:56'),
(325, 24, 231, 'Lanny Jaya', '2022-02-25 20:36:56', '2022-02-25 20:36:56'),
(326, 24, 263, 'Mamberamo Raya', '2022-02-25 20:36:56', '2022-02-25 20:36:56'),
(327, 24, 264, 'Mamberamo Tengah', '2022-02-25 20:36:56', '2022-02-25 20:36:56'),
(328, 24, 274, 'Mappi', '2022-02-25 20:36:56', '2022-02-25 20:36:56'),
(329, 24, 281, 'Merauke', '2022-02-25 20:36:56', '2022-02-25 20:36:56'),
(330, 24, 284, 'Mimika', '2022-02-25 20:36:56', '2022-02-25 20:36:56'),
(331, 24, 299, 'Nabire', '2022-02-25 20:36:56', '2022-02-25 20:36:56'),
(332, 24, 303, 'Nduga', '2022-02-25 20:36:56', '2022-02-25 20:36:56'),
(333, 24, 335, 'Paniai', '2022-02-25 20:36:56', '2022-02-25 20:36:56'),
(334, 24, 347, 'Pegunungan Bintang', '2022-02-25 20:36:56', '2022-02-25 20:36:56'),
(335, 24, 373, 'Puncak', '2022-02-25 20:36:56', '2022-02-25 20:36:56'),
(336, 24, 374, 'Puncak Jaya', '2022-02-25 20:36:56', '2022-02-25 20:36:56'),
(337, 24, 392, 'Sarmi', '2022-02-25 20:36:56', '2022-02-25 20:36:56'),
(338, 24, 443, 'Supiori', '2022-02-25 20:36:56', '2022-02-25 20:36:56'),
(339, 24, 484, 'Tolikara', '2022-02-25 20:36:56', '2022-02-25 20:36:56'),
(340, 24, 495, 'Waropen', '2022-02-25 20:36:56', '2022-02-25 20:36:56'),
(341, 24, 499, 'Yahukimo', '2022-02-25 20:36:56', '2022-02-25 20:36:56'),
(342, 24, 500, 'Yalimo', '2022-02-25 20:36:56', '2022-02-25 20:36:56'),
(343, 25, 124, 'Fakfak', '2022-02-25 20:36:57', '2022-02-25 20:36:57'),
(344, 25, 165, 'Kaimana', '2022-02-25 20:36:57', '2022-02-25 20:36:57'),
(345, 25, 272, 'Manokwari', '2022-02-25 20:36:57', '2022-02-25 20:36:57'),
(346, 25, 273, 'Manokwari Selatan', '2022-02-25 20:36:57', '2022-02-25 20:36:57'),
(347, 25, 277, 'Maybrat', '2022-02-25 20:36:57', '2022-02-25 20:36:57'),
(348, 25, 346, 'Pegunungan Arfak', '2022-02-25 20:36:57', '2022-02-25 20:36:57'),
(349, 25, 378, 'Raja Ampat', '2022-02-25 20:36:57', '2022-02-25 20:36:57'),
(350, 25, 424, 'Sorong', '2022-02-25 20:36:57', '2022-02-25 20:36:57'),
(351, 25, 425, 'Sorong', '2022-02-25 20:36:57', '2022-02-25 20:36:57'),
(352, 25, 426, 'Sorong Selatan', '2022-02-25 20:36:57', '2022-02-25 20:36:57'),
(353, 25, 449, 'Tambrauw', '2022-02-25 20:36:57', '2022-02-25 20:36:57'),
(354, 25, 474, 'Teluk Bintuni', '2022-02-25 20:36:57', '2022-02-25 20:36:57'),
(355, 25, 475, 'Teluk Wondama', '2022-02-25 20:36:57', '2022-02-25 20:36:57'),
(356, 26, 60, 'Bengkalis', '2022-02-25 20:36:59', '2022-02-25 20:36:59'),
(357, 26, 120, 'Dumai', '2022-02-25 20:36:59', '2022-02-25 20:36:59'),
(358, 26, 147, 'Indragiri Hilir', '2022-02-25 20:36:59', '2022-02-25 20:36:59'),
(359, 26, 148, 'Indragiri Hulu', '2022-02-25 20:36:59', '2022-02-25 20:36:59'),
(360, 26, 166, 'Kampar', '2022-02-25 20:36:59', '2022-02-25 20:36:59'),
(361, 26, 187, 'Kepulauan Meranti', '2022-02-25 20:36:59', '2022-02-25 20:36:59'),
(362, 26, 207, 'Kuantan Singingi', '2022-02-25 20:36:59', '2022-02-25 20:36:59'),
(363, 26, 350, 'Pekanbaru', '2022-02-25 20:36:59', '2022-02-25 20:36:59'),
(364, 26, 351, 'Pelalawan', '2022-02-25 20:36:59', '2022-02-25 20:36:59'),
(365, 26, 381, 'Rokan Hilir', '2022-02-25 20:36:59', '2022-02-25 20:36:59'),
(366, 26, 382, 'Rokan Hulu', '2022-02-25 20:36:59', '2022-02-25 20:36:59'),
(367, 26, 406, 'Siak', '2022-02-25 20:36:59', '2022-02-25 20:36:59'),
(368, 27, 253, 'Majene', '2022-02-25 20:37:00', '2022-02-25 20:37:00'),
(369, 27, 262, 'Mamasa', '2022-02-25 20:37:00', '2022-02-25 20:37:00'),
(370, 27, 265, 'Mamuju', '2022-02-25 20:37:00', '2022-02-25 20:37:00'),
(371, 27, 266, 'Mamuju Utara', '2022-02-25 20:37:00', '2022-02-25 20:37:00'),
(372, 27, 362, 'Polewali Mandar', '2022-02-25 20:37:00', '2022-02-25 20:37:00'),
(373, 28, 38, 'Bantaeng', '2022-02-25 20:37:01', '2022-02-25 20:37:01'),
(374, 28, 47, 'Barru', '2022-02-25 20:37:01', '2022-02-25 20:37:01'),
(375, 28, 87, 'Bone', '2022-02-25 20:37:01', '2022-02-25 20:37:01'),
(376, 28, 95, 'Bulukumba', '2022-02-25 20:37:01', '2022-02-25 20:37:01'),
(377, 28, 123, 'Enrekang', '2022-02-25 20:37:01', '2022-02-25 20:37:01'),
(378, 28, 132, 'Gowa', '2022-02-25 20:37:01', '2022-02-25 20:37:01'),
(379, 28, 162, 'Jeneponto', '2022-02-25 20:37:01', '2022-02-25 20:37:01'),
(380, 28, 244, 'Luwu', '2022-02-25 20:37:01', '2022-02-25 20:37:01'),
(381, 28, 245, 'Luwu Timur', '2022-02-25 20:37:01', '2022-02-25 20:37:01'),
(382, 28, 246, 'Luwu Utara', '2022-02-25 20:37:01', '2022-02-25 20:37:01'),
(383, 28, 254, 'Makassar', '2022-02-25 20:37:01', '2022-02-25 20:37:01'),
(384, 28, 275, 'Maros', '2022-02-25 20:37:01', '2022-02-25 20:37:01'),
(385, 28, 328, 'Palopo', '2022-02-25 20:37:01', '2022-02-25 20:37:01'),
(386, 28, 333, 'Pangkajene Kepulauan', '2022-02-25 20:37:01', '2022-02-25 20:37:01'),
(387, 28, 336, 'Parepare', '2022-02-25 20:37:01', '2022-02-25 20:37:01'),
(388, 28, 360, 'Pinrang', '2022-02-25 20:37:01', '2022-02-25 20:37:01'),
(389, 28, 396, 'Selayar (Kepulauan Selayar)', '2022-02-25 20:37:01', '2022-02-25 20:37:01'),
(390, 28, 408, 'Sidenreng Rappang/Rapang', '2022-02-25 20:37:01', '2022-02-25 20:37:01'),
(391, 28, 416, 'Sinjai', '2022-02-25 20:37:01', '2022-02-25 20:37:01'),
(392, 28, 423, 'Soppeng', '2022-02-25 20:37:01', '2022-02-25 20:37:01'),
(393, 28, 448, 'Takalar', '2022-02-25 20:37:01', '2022-02-25 20:37:01'),
(394, 28, 451, 'Tana Toraja', '2022-02-25 20:37:01', '2022-02-25 20:37:01'),
(395, 28, 486, 'Toraja Utara', '2022-02-25 20:37:01', '2022-02-25 20:37:01'),
(396, 28, 493, 'Wajo', '2022-02-25 20:37:01', '2022-02-25 20:37:01'),
(397, 29, 25, 'Banggai', '2022-02-25 20:37:02', '2022-02-25 20:37:02'),
(398, 29, 26, 'Banggai Kepulauan', '2022-02-25 20:37:02', '2022-02-25 20:37:02'),
(399, 29, 98, 'Buol', '2022-02-25 20:37:02', '2022-02-25 20:37:02'),
(400, 29, 119, 'Donggala', '2022-02-25 20:37:02', '2022-02-25 20:37:02'),
(401, 29, 291, 'Morowali', '2022-02-25 20:37:02', '2022-02-25 20:37:02'),
(402, 29, 329, 'Palu', '2022-02-25 20:37:02', '2022-02-25 20:37:02'),
(403, 29, 338, 'Parigi Moutong', '2022-02-25 20:37:02', '2022-02-25 20:37:02'),
(404, 29, 366, 'Poso', '2022-02-25 20:37:02', '2022-02-25 20:37:02'),
(405, 29, 410, 'Sigi', '2022-02-25 20:37:02', '2022-02-25 20:37:02'),
(406, 29, 482, 'Tojo Una-Una', '2022-02-25 20:37:02', '2022-02-25 20:37:02'),
(407, 29, 483, 'Toli-Toli', '2022-02-25 20:37:02', '2022-02-25 20:37:02'),
(408, 30, 53, 'Bau-Bau', '2022-02-25 20:37:03', '2022-02-25 20:37:03'),
(409, 30, 85, 'Bombana', '2022-02-25 20:37:03', '2022-02-25 20:37:03'),
(410, 30, 101, 'Buton', '2022-02-25 20:37:03', '2022-02-25 20:37:03'),
(411, 30, 102, 'Buton Utara', '2022-02-25 20:37:03', '2022-02-25 20:37:03'),
(412, 30, 182, 'Kendari', '2022-02-25 20:37:03', '2022-02-25 20:37:03'),
(413, 30, 198, 'Kolaka', '2022-02-25 20:37:03', '2022-02-25 20:37:03'),
(414, 30, 199, 'Kolaka Utara', '2022-02-25 20:37:03', '2022-02-25 20:37:03'),
(415, 30, 200, 'Konawe', '2022-02-25 20:37:03', '2022-02-25 20:37:03'),
(416, 30, 201, 'Konawe Selatan', '2022-02-25 20:37:03', '2022-02-25 20:37:03'),
(417, 30, 202, 'Konawe Utara', '2022-02-25 20:37:03', '2022-02-25 20:37:03'),
(418, 30, 295, 'Muna', '2022-02-25 20:37:03', '2022-02-25 20:37:03'),
(419, 30, 494, 'Wakatobi', '2022-02-25 20:37:03', '2022-02-25 20:37:03'),
(420, 31, 73, 'Bitung', '2022-02-25 20:37:04', '2022-02-25 20:37:04'),
(421, 31, 81, 'Bolaang Mongondow (Bolmong)', '2022-02-25 20:37:04', '2022-02-25 20:37:04'),
(422, 31, 82, 'Bolaang Mongondow Selatan', '2022-02-25 20:37:05', '2022-02-25 20:37:05'),
(423, 31, 83, 'Bolaang Mongondow Timur', '2022-02-25 20:37:05', '2022-02-25 20:37:05'),
(424, 31, 84, 'Bolaang Mongondow Utara', '2022-02-25 20:37:05', '2022-02-25 20:37:05'),
(425, 31, 188, 'Kepulauan Sangihe', '2022-02-25 20:37:05', '2022-02-25 20:37:05'),
(426, 31, 190, 'Kepulauan Siau Tagulandang Biaro (Sitaro)', '2022-02-25 20:37:05', '2022-02-25 20:37:05'),
(427, 31, 192, 'Kepulauan Talaud', '2022-02-25 20:37:05', '2022-02-25 20:37:05'),
(428, 31, 204, 'Kotamobagu', '2022-02-25 20:37:05', '2022-02-25 20:37:05'),
(429, 31, 267, 'Manado', '2022-02-25 20:37:05', '2022-02-25 20:37:05'),
(430, 31, 285, 'Minahasa', '2022-02-25 20:37:05', '2022-02-25 20:37:05'),
(431, 31, 286, 'Minahasa Selatan', '2022-02-25 20:37:05', '2022-02-25 20:37:05'),
(432, 31, 287, 'Minahasa Tenggara', '2022-02-25 20:37:05', '2022-02-25 20:37:05'),
(433, 31, 288, 'Minahasa Utara', '2022-02-25 20:37:05', '2022-02-25 20:37:05'),
(434, 31, 485, 'Tomohon', '2022-02-25 20:37:05', '2022-02-25 20:37:05'),
(435, 32, 12, 'Agam', '2022-02-25 20:37:06', '2022-02-25 20:37:06'),
(436, 32, 93, 'Bukittinggi', '2022-02-25 20:37:06', '2022-02-25 20:37:06'),
(437, 32, 116, 'Dharmasraya', '2022-02-25 20:37:06', '2022-02-25 20:37:06'),
(438, 32, 186, 'Kepulauan Mentawai', '2022-02-25 20:37:06', '2022-02-25 20:37:06'),
(439, 32, 236, 'Lima Puluh Koto/Kota', '2022-02-25 20:37:06', '2022-02-25 20:37:06'),
(440, 32, 318, 'Padang', '2022-02-25 20:37:06', '2022-02-25 20:37:06'),
(441, 32, 321, 'Padang Panjang', '2022-02-25 20:37:06', '2022-02-25 20:37:06'),
(442, 32, 322, 'Padang Pariaman', '2022-02-25 20:37:06', '2022-02-25 20:37:06'),
(443, 32, 337, 'Pariaman', '2022-02-25 20:37:06', '2022-02-25 20:37:06'),
(444, 32, 339, 'Pasaman', '2022-02-25 20:37:06', '2022-02-25 20:37:06'),
(445, 32, 340, 'Pasaman Barat', '2022-02-25 20:37:06', '2022-02-25 20:37:06'),
(446, 32, 345, 'Payakumbuh', '2022-02-25 20:37:06', '2022-02-25 20:37:06'),
(447, 32, 357, 'Pesisir Selatan', '2022-02-25 20:37:06', '2022-02-25 20:37:06'),
(448, 32, 394, 'Sawah Lunto', '2022-02-25 20:37:06', '2022-02-25 20:37:06'),
(449, 32, 411, 'Sijunjung (Sawah Lunto Sijunjung)', '2022-02-25 20:37:06', '2022-02-25 20:37:06'),
(450, 32, 420, 'Solok', '2022-02-25 20:37:06', '2022-02-25 20:37:06'),
(451, 32, 421, 'Solok', '2022-02-25 20:37:06', '2022-02-25 20:37:06'),
(452, 32, 422, 'Solok Selatan', '2022-02-25 20:37:06', '2022-02-25 20:37:06'),
(453, 32, 453, 'Tanah Datar', '2022-02-25 20:37:06', '2022-02-25 20:37:06'),
(454, 33, 40, 'Banyuasin', '2022-02-25 20:37:07', '2022-02-25 20:37:07'),
(455, 33, 121, 'Empat Lawang', '2022-02-25 20:37:07', '2022-02-25 20:37:07'),
(456, 33, 220, 'Lahat', '2022-02-25 20:37:07', '2022-02-25 20:37:07'),
(457, 33, 242, 'Lubuk Linggau', '2022-02-25 20:37:07', '2022-02-25 20:37:07'),
(458, 33, 292, 'Muara Enim', '2022-02-25 20:37:07', '2022-02-25 20:37:07'),
(459, 33, 297, 'Musi Banyuasin', '2022-02-25 20:37:07', '2022-02-25 20:37:07'),
(460, 33, 298, 'Musi Rawas', '2022-02-25 20:37:07', '2022-02-25 20:37:07'),
(461, 33, 312, 'Ogan Ilir', '2022-02-25 20:37:07', '2022-02-25 20:37:07'),
(462, 33, 313, 'Ogan Komering Ilir', '2022-02-25 20:37:07', '2022-02-25 20:37:07'),
(463, 33, 314, 'Ogan Komering Ulu', '2022-02-25 20:37:07', '2022-02-25 20:37:07'),
(464, 33, 315, 'Ogan Komering Ulu Selatan', '2022-02-25 20:37:07', '2022-02-25 20:37:07'),
(465, 33, 316, 'Ogan Komering Ulu Timur', '2022-02-25 20:37:07', '2022-02-25 20:37:07'),
(466, 33, 324, 'Pagar Alam', '2022-02-25 20:37:07', '2022-02-25 20:37:07'),
(467, 33, 327, 'Palembang', '2022-02-25 20:37:07', '2022-02-25 20:37:07'),
(468, 33, 367, 'Prabumulih', '2022-02-25 20:37:07', '2022-02-25 20:37:07'),
(469, 34, 15, 'Asahan', '2022-02-25 20:37:08', '2022-02-25 20:37:08'),
(470, 34, 52, 'Batu Bara', '2022-02-25 20:37:08', '2022-02-25 20:37:08'),
(471, 34, 70, 'Binjai', '2022-02-25 20:37:08', '2022-02-25 20:37:08'),
(472, 34, 110, 'Dairi', '2022-02-25 20:37:08', '2022-02-25 20:37:08'),
(473, 34, 112, 'Deli Serdang', '2022-02-25 20:37:08', '2022-02-25 20:37:08'),
(474, 34, 137, 'Gunungsitoli', '2022-02-25 20:37:08', '2022-02-25 20:37:08'),
(475, 34, 146, 'Humbang Hasundutan', '2022-02-25 20:37:08', '2022-02-25 20:37:08'),
(476, 34, 173, 'Karo', '2022-02-25 20:37:08', '2022-02-25 20:37:08'),
(477, 34, 217, 'Labuhan Batu', '2022-02-25 20:37:08', '2022-02-25 20:37:08'),
(478, 34, 218, 'Labuhan Batu Selatan', '2022-02-25 20:37:08', '2022-02-25 20:37:08'),
(479, 34, 219, 'Labuhan Batu Utara', '2022-02-25 20:37:08', '2022-02-25 20:37:08'),
(480, 34, 229, 'Langkat', '2022-02-25 20:37:08', '2022-02-25 20:37:08'),
(481, 34, 268, 'Mandailing Natal', '2022-02-25 20:37:08', '2022-02-25 20:37:08'),
(482, 34, 278, 'Medan', '2022-02-25 20:37:08', '2022-02-25 20:37:08'),
(483, 34, 307, 'Nias', '2022-02-25 20:37:08', '2022-02-25 20:37:08'),
(484, 34, 308, 'Nias Barat', '2022-02-25 20:37:08', '2022-02-25 20:37:08'),
(485, 34, 309, 'Nias Selatan', '2022-02-25 20:37:08', '2022-02-25 20:37:08'),
(486, 34, 310, 'Nias Utara', '2022-02-25 20:37:08', '2022-02-25 20:37:08'),
(487, 34, 319, 'Padang Lawas', '2022-02-25 20:37:08', '2022-02-25 20:37:08'),
(488, 34, 320, 'Padang Lawas Utara', '2022-02-25 20:37:08', '2022-02-25 20:37:08'),
(489, 34, 323, 'Padang Sidempuan', '2022-02-25 20:37:08', '2022-02-25 20:37:08'),
(490, 34, 325, 'Pakpak Bharat', '2022-02-25 20:37:08', '2022-02-25 20:37:08'),
(491, 34, 353, 'Pematang Siantar', '2022-02-25 20:37:08', '2022-02-25 20:37:08'),
(492, 34, 389, 'Samosir', '2022-02-25 20:37:08', '2022-02-25 20:37:08'),
(493, 34, 404, 'Serdang Bedagai', '2022-02-25 20:37:08', '2022-02-25 20:37:08'),
(494, 34, 407, 'Sibolga', '2022-02-25 20:37:08', '2022-02-25 20:37:08'),
(495, 34, 413, 'Simalungun', '2022-02-25 20:37:08', '2022-02-25 20:37:08'),
(496, 34, 459, 'Tanjung Balai', '2022-02-25 20:37:08', '2022-02-25 20:37:08'),
(497, 34, 463, 'Tapanuli Selatan', '2022-02-25 20:37:08', '2022-02-25 20:37:08'),
(498, 34, 464, 'Tapanuli Tengah', '2022-02-25 20:37:08', '2022-02-25 20:37:08'),
(499, 34, 465, 'Tapanuli Utara', '2022-02-25 20:37:08', '2022-02-25 20:37:08'),
(500, 34, 470, 'Tebing Tinggi', '2022-02-25 20:37:08', '2022-02-25 20:37:08'),
(501, 34, 481, 'Toba Samosir', '2022-02-25 20:37:08', '2022-02-25 20:37:08');

-- --------------------------------------------------------

--
-- Table structure for table `company`
--

CREATE TABLE `company` (
  `id` bigint(20) UNSIGNED NOT NULL,
  `name` varchar(191) COLLATE utf8mb4_unicode_ci NOT NULL,
  `email` varchar(191) COLLATE utf8mb4_unicode_ci NOT NULL,
  `phone` varchar(191) COLLATE utf8mb4_unicode_ci NOT NULL,
  `address` varchar(191) COLLATE utf8mb4_unicode_ci NOT NULL,
  `facebook` varchar(191) COLLATE utf8mb4_unicode_ci NOT NULL,
  `twitter` varchar(191) COLLATE utf8mb4_unicode_ci NOT NULL,
  `instagram` varchar(191) COLLATE utf8mb4_unicode_ci NOT NULL,
  `city` varchar(191) COLLATE utf8mb4_unicode_ci NOT NULL,
  `province` varchar(191) COLLATE utf8mb4_unicode_ci NOT NULL,
  `postal_code` varchar(191) COLLATE utf8mb4_unicode_ci NOT NULL,
  `country` varchar(191) COLLATE utf8mb4_unicode_ci NOT NULL,
  `logo` varchar(191) COLLATE utf8mb4_unicode_ci DEFAULT NULL,
  `description` text COLLATE utf8mb4_unicode_ci NOT NULL,
  `created_at` timestamp NULL DEFAULT NULL,
  `updated_at` timestamp NULL DEFAULT NULL
) ENGINE=InnoDB DEFAULT CHARSET=utf8mb4 COLLATE=utf8mb4_unicode_ci;

--
-- Dumping data for table `company`
--

INSERT INTO `company` (`id`, `name`, `email`, `phone`, `address`, `facebook`, `twitter`, `instagram`, `city`, `province`, `postal_code`, `country`, `logo`, `description`, `created_at`, `updated_at`) VALUES
(1, 'Bali Stuti', 'stuticraft@gmail.com', '0812345678912', 'Jl. Denpasar No. 12', 'www.facebook.com/', 'twitter.com/', 'www.instagram.com/', 'Denpasar', 'Bali', '8899', 'Indonesia', '1648707021_624545cd537c3.png', 'Bali Stuti is a company that sells various handmade craft products from silver, wood, and fabric.\r\nLorem ipsum dolor sit amet consectetur adipisicing elit. Magnam commodi itaque exercitationem? Necessitatibus repudiandae eaque praesentium, dolor atque accusantium quasi dolore corrupti nemo libero beatae tenetur nesciunt molestias, unde consectetur!', '2022-03-11 03:11:18', '2022-03-31 06:10:21');

-- --------------------------------------------------------

--
-- Table structure for table `failed_jobs`
--

CREATE TABLE `failed_jobs` (
  `id` bigint(20) UNSIGNED NOT NULL,
  `uuid` varchar(191) COLLATE utf8mb4_unicode_ci NOT NULL,
  `connection` text COLLATE utf8mb4_unicode_ci NOT NULL,
  `queue` text COLLATE utf8mb4_unicode_ci NOT NULL,
  `payload` longtext COLLATE utf8mb4_unicode_ci NOT NULL,
  `exception` longtext COLLATE utf8mb4_unicode_ci NOT NULL,
  `failed_at` timestamp NOT NULL DEFAULT current_timestamp()
) ENGINE=InnoDB DEFAULT CHARSET=utf8mb4 COLLATE=utf8mb4_unicode_ci;

-- --------------------------------------------------------

--
-- Table structure for table `gallery`
--

CREATE TABLE `gallery` (
  `id` bigint(20) UNSIGNED NOT NULL,
  `product_id` bigint(20) UNSIGNED NOT NULL,
  `image` varchar(191) COLLATE utf8mb4_unicode_ci NOT NULL,
  `created_at` timestamp NULL DEFAULT NULL,
  `updated_at` timestamp NULL DEFAULT NULL
) ENGINE=InnoDB DEFAULT CHARSET=utf8mb4 COLLATE=utf8mb4_unicode_ci;

--
-- Dumping data for table `gallery`
--

INSERT INTO `gallery` (`id`, `product_id`, `image`, `created_at`, `updated_at`) VALUES
(15, 243, '243-image-1645538832923.jpg', '2022-02-22 06:07:12', '2022-02-22 06:07:12'),
(16, 243, '243-image-1645538832809.jpg', '2022-02-22 06:07:12', '2022-02-22 06:07:12'),
(17, 243, '243-image-1645538832873.jpg', '2022-02-22 06:07:12', '2022-02-22 06:07:12'),
(22, 245, '245-image-1645544882446.jpg', '2022-02-22 07:48:02', '2022-02-22 07:48:02'),
(23, 245, '245-image-1645544882704.jpg', '2022-02-22 07:48:02', '2022-02-22 07:48:02'),
(24, 245, '245-image-1645544882845.jpg', '2022-02-22 07:48:02', '2022-02-22 07:48:02'),
(25, 245, '245-image-1645544882796.jpg', '2022-02-22 07:48:02', '2022-02-22 07:48:02'),
(26, 246, '246-image-1646792641938.jpg', '2022-03-09 02:24:01', '2022-03-09 02:24:01'),
(27, 246, '246-image-1646792641302.jpg', '2022-03-09 02:24:01', '2022-03-09 02:24:01'),
(28, 246, '246-image-1646792641236.jpg', '2022-03-09 02:24:01', '2022-03-09 02:24:01'),
(29, 247, '247-image-1647226091392.jpg', '2022-03-14 02:48:11', '2022-03-14 02:48:11'),
(30, 247, '247-image-1647226091323.jpg', '2022-03-14 02:48:11', '2022-03-14 02:48:11'),
(31, 247, '247-image-1647226091206.jpg', '2022-03-14 02:48:11', '2022-03-14 02:48:11'),
(32, 248, '248-image-1648519484890.jpg', '2022-03-29 02:04:44', '2022-03-29 02:04:44'),
(33, 248, '248-image-1648519484955.jpg', '2022-03-29 02:04:44', '2022-03-29 02:04:44'),
(34, 248, '248-image-1648519484451.jpg', '2022-03-29 02:04:44', '2022-03-29 02:04:44');

-- --------------------------------------------------------

--
-- Table structure for table `migrations`
--

CREATE TABLE `migrations` (
  `id` int(10) UNSIGNED NOT NULL,
  `migration` varchar(191) COLLATE utf8mb4_unicode_ci NOT NULL,
  `batch` int(11) NOT NULL
) ENGINE=InnoDB DEFAULT CHARSET=utf8mb4 COLLATE=utf8mb4_unicode_ci;

--
-- Dumping data for table `migrations`
--

INSERT INTO `migrations` (`id`, `migration`, `batch`) VALUES
(1, '2014_10_12_000000_create_users_table', 1),
(2, '2014_10_12_100000_create_password_resets_table', 1),
(3, '2019_08_19_000000_create_failed_jobs_table', 1),
(4, '2019_12_14_000001_create_personal_access_tokens_table', 1),
(5, '2022_02_14_064410_create_categories_table', 2),
(6, '2022_02_18_051855_create_products_table', 3),
(7, '2022_02_22_115552_create_gallery_table', 4),
(8, '2022_02_24_071223_create_notifications_table', 5),
(9, '2022_02_25_061811_create_carts_table', 6),
(10, '2022_02_26_043107_create_provinces_table', 7),
(11, '2022_02_26_043117_create_cities_table', 7),
(12, '2022_02_27_040035_create_orders_table', 8),
(13, '2022_02_27_040413_creat_order_items_table', 8),
(14, '2022_03_11_110400_create_table_company', 9);

-- --------------------------------------------------------

--
-- Table structure for table `notifications`
--

CREATE TABLE `notifications` (
  `id` char(36) COLLATE utf8mb4_unicode_ci NOT NULL,
  `type` varchar(191) COLLATE utf8mb4_unicode_ci NOT NULL,
  `notifiable_type` varchar(191) COLLATE utf8mb4_unicode_ci NOT NULL,
  `notifiable_id` bigint(20) UNSIGNED NOT NULL,
  `data` text COLLATE utf8mb4_unicode_ci NOT NULL,
  `read_at` timestamp NULL DEFAULT NULL,
  `created_at` timestamp NULL DEFAULT NULL,
  `updated_at` timestamp NULL DEFAULT NULL
) ENGINE=InnoDB DEFAULT CHARSET=utf8mb4 COLLATE=utf8mb4_unicode_ci;

-- --------------------------------------------------------

--
-- Table structure for table `orders`
--

CREATE TABLE `orders` (
  `id` bigint(20) UNSIGNED NOT NULL,
  `user_id` varchar(191) COLLATE utf8mb4_unicode_ci NOT NULL,
  `name` varchar(191) COLLATE utf8mb4_unicode_ci NOT NULL,
  `phone` varchar(191) COLLATE utf8mb4_unicode_ci NOT NULL,
  `address` varchar(191) COLLATE utf8mb4_unicode_ci NOT NULL,
  `province` varchar(191) COLLATE utf8mb4_unicode_ci NOT NULL,
  `cities` varchar(191) COLLATE utf8mb4_unicode_ci NOT NULL,
  `pos_code` varchar(191) COLLATE utf8mb4_unicode_ci NOT NULL,
  `status` tinyint(4) NOT NULL DEFAULT 0,
  `courier` varchar(191) COLLATE utf8mb4_unicode_ci NOT NULL,
  `courier_ongkos` varchar(191) COLLATE utf8mb4_unicode_ci NOT NULL,
  `total` varchar(191) COLLATE utf8mb4_unicode_ci NOT NULL,
  `message` varchar(191) COLLATE utf8mb4_unicode_ci DEFAULT NULL,
  `tracking_no` varchar(191) COLLATE utf8mb4_unicode_ci NOT NULL,
  `created_at` timestamp NULL DEFAULT NULL,
  `updated_at` timestamp NULL DEFAULT NULL
) ENGINE=InnoDB DEFAULT CHARSET=utf8mb4 COLLATE=utf8mb4_unicode_ci;

-- --------------------------------------------------------

--
-- Table structure for table `order_items`
--

CREATE TABLE `order_items` (
  `id` bigint(20) UNSIGNED NOT NULL,
  `order_id` varchar(191) COLLATE utf8mb4_unicode_ci NOT NULL,
  `product_id` varchar(191) COLLATE utf8mb4_unicode_ci NOT NULL,
  `qty` varchar(191) COLLATE utf8mb4_unicode_ci NOT NULL,
  `price` varchar(191) COLLATE utf8mb4_unicode_ci NOT NULL,
  `created_at` timestamp NULL DEFAULT NULL,
  `updated_at` timestamp NULL DEFAULT NULL
) ENGINE=InnoDB DEFAULT CHARSET=utf8mb4 COLLATE=utf8mb4_unicode_ci;

-- --------------------------------------------------------

--
-- Table structure for table `password_resets`
--

CREATE TABLE `password_resets` (
  `email` varchar(191) COLLATE utf8mb4_unicode_ci NOT NULL,
  `token` varchar(191) COLLATE utf8mb4_unicode_ci NOT NULL,
  `created_at` timestamp NULL DEFAULT NULL
) ENGINE=InnoDB DEFAULT CHARSET=utf8mb4 COLLATE=utf8mb4_unicode_ci;

--
-- Dumping data for table `password_resets`
--

INSERT INTO `password_resets` (`email`, `token`, `created_at`) VALUES
('gakici@mailinator.com', '$2y$10$JfSVqMBVW1UTSTeLmzW1xuQ72d793qbV7jWYc5hkrcFLZ.M1.0Q/G', '2022-03-14 05:45:40');

-- --------------------------------------------------------

--
-- Table structure for table `personal_access_tokens`
--

CREATE TABLE `personal_access_tokens` (
  `id` bigint(20) UNSIGNED NOT NULL,
  `tokenable_type` varchar(191) COLLATE utf8mb4_unicode_ci NOT NULL,
  `tokenable_id` bigint(20) UNSIGNED NOT NULL,
  `name` varchar(191) COLLATE utf8mb4_unicode_ci NOT NULL,
  `token` varchar(64) COLLATE utf8mb4_unicode_ci NOT NULL,
  `abilities` text COLLATE utf8mb4_unicode_ci DEFAULT NULL,
  `last_used_at` timestamp NULL DEFAULT NULL,
  `created_at` timestamp NULL DEFAULT NULL,
  `updated_at` timestamp NULL DEFAULT NULL
) ENGINE=InnoDB DEFAULT CHARSET=utf8mb4 COLLATE=utf8mb4_unicode_ci;

-- --------------------------------------------------------

--
-- Table structure for table `products`
--

CREATE TABLE `products` (
  `id` bigint(20) UNSIGNED NOT NULL,
  `cate_id` bigint(20) NOT NULL,
  `name` varchar(191) COLLATE utf8mb4_unicode_ci NOT NULL,
  `slug` varchar(191) COLLATE utf8mb4_unicode_ci NOT NULL,
  `small_description` mediumtext COLLATE utf8mb4_unicode_ci NOT NULL,
  `description` longtext COLLATE utf8mb4_unicode_ci NOT NULL,
  `original_price` varchar(191) COLLATE utf8mb4_unicode_ci NOT NULL,
  `selling_price` varchar(191) COLLATE utf8mb4_unicode_ci NOT NULL,
  `image` varchar(191) COLLATE utf8mb4_unicode_ci NOT NULL,
  `qty` varchar(191) COLLATE utf8mb4_unicode_ci NOT NULL,
  `weight` decimal(11,0) NOT NULL,
  `tax` varchar(191) COLLATE utf8mb4_unicode_ci NOT NULL,
  `status` tinyint(4) NOT NULL,
  `trending` tinyint(4) NOT NULL,
  `meta_title` mediumtext COLLATE utf8mb4_unicode_ci NOT NULL,
  `meta_keywords` mediumtext COLLATE utf8mb4_unicode_ci NOT NULL,
  `meta_description` mediumtext COLLATE utf8mb4_unicode_ci NOT NULL,
  `created_at` timestamp NULL DEFAULT NULL,
  `updated_at` timestamp NULL DEFAULT NULL
) ENGINE=InnoDB DEFAULT CHARSET=utf8mb4 COLLATE=utf8mb4_unicode_ci;

--
-- Dumping data for table `products`
--

INSERT INTO `products` (`id`, `cate_id`, `name`, `slug`, `small_description`, `description`, `original_price`, `selling_price`, `image`, `qty`, `weight`, `tax`, `status`, `trending`, `meta_title`, `meta_keywords`, `meta_description`, `created_at`, `updated_at`) VALUES
(243, 32, 'Asbak Rokok', 'Asbak', 'Asbak Rokok kayu jati kuat', 'Asbak Rokok kayu jati kuat tahan air dan awet', '50000', '40000', '1645536685.jpg', '57', '10', '12', 1, 0, '12', 'Asbak Rokok', 'Asbak Rokok', '2022-02-22 05:31:25', '2022-03-21 07:31:31'),
(245, 33, 'Silver Ring', 'silver', 'Silver Ring', 'Silver Ring', '400000', '350000', '1645544882.jpg', '2201', '12', '12', 1, 1, 'Silver Ring', 'Silver Ring lorem', 'Silver Ring', '2022-02-22 07:48:02', '2022-03-29 03:25:42'),
(246, 34, 'Tas Fabric', 'Kain', 'Tas handmade dari kain', 'Tas handmade dari kain yang lembut dan tahan lama', '150000', '100000', '1646792641.jpg', '98', '200', '10', 1, 1, 'Tas Fabric', 'Tas Fabric', 'Tas Fabric', '2022-03-09 02:24:01', '2022-03-29 01:41:52'),
(247, 33, 'Asbak Silver', 'silver', 'Asbak Silver', 'Asbak Silver', ' 100000', ' 80000', '1647226091.jpg', '102', '200', '12', 1, 1, 'Asbak Silver', 'Asbak Silver', 'Asbak Silver', '2022-03-14 02:48:11', '2022-03-29 04:37:33'),
(248, 33, 'Victor Brennan', 'Meredith Zimmerman', 'Jeremy Mckenzie', 'Gretchen Dorsey', '178', '783', '1648519484.jpg', '296', '384', '105', 1, 1, 'Chaim Mckinney', 'Necessitatibus minus', 'Qui quis voluptas qu', '2022-03-29 02:04:44', '2022-03-29 02:04:44');

-- --------------------------------------------------------

--
-- Table structure for table `provinces`
--

CREATE TABLE `provinces` (
  `id` bigint(20) UNSIGNED NOT NULL,
  `province_id` int(10) UNSIGNED NOT NULL,
  `name` varchar(191) COLLATE utf8mb4_unicode_ci NOT NULL,
  `created_at` timestamp NULL DEFAULT NULL,
  `updated_at` timestamp NULL DEFAULT NULL
) ENGINE=InnoDB DEFAULT CHARSET=utf8mb4 COLLATE=utf8mb4_unicode_ci;

--
-- Dumping data for table `provinces`
--

INSERT INTO `provinces` (`id`, `province_id`, `name`, `created_at`, `updated_at`) VALUES
(1, 1, 'Bali', '2022-02-25 20:36:28', '2022-02-25 20:36:28'),
(2, 2, 'Bangka Belitung', '2022-02-25 20:36:29', '2022-02-25 20:36:29'),
(3, 3, 'Banten', '2022-02-25 20:36:30', '2022-02-25 20:36:30'),
(4, 4, 'Bengkulu', '2022-02-25 20:36:31', '2022-02-25 20:36:31'),
(5, 5, 'DI Yogyakarta', '2022-02-25 20:36:32', '2022-02-25 20:36:32'),
(6, 6, 'DKI Jakarta', '2022-02-25 20:36:33', '2022-02-25 20:36:33'),
(7, 7, 'Gorontalo', '2022-02-25 20:36:34', '2022-02-25 20:36:34'),
(8, 8, 'Jambi', '2022-02-25 20:36:36', '2022-02-25 20:36:36'),
(9, 9, 'Jawa Barat', '2022-02-25 20:36:37', '2022-02-25 20:36:37'),
(10, 10, 'Jawa Tengah', '2022-02-25 20:36:38', '2022-02-25 20:36:38'),
(11, 11, 'Jawa Timur', '2022-02-25 20:36:39', '2022-02-25 20:36:39'),
(12, 12, 'Kalimantan Barat', '2022-02-25 20:36:40', '2022-02-25 20:36:40'),
(13, 13, 'Kalimantan Selatan', '2022-02-25 20:36:42', '2022-02-25 20:36:42'),
(14, 14, 'Kalimantan Tengah', '2022-02-25 20:36:43', '2022-02-25 20:36:43'),
(15, 15, 'Kalimantan Timur', '2022-02-25 20:36:44', '2022-02-25 20:36:44'),
(16, 16, 'Kalimantan Utara', '2022-02-25 20:36:45', '2022-02-25 20:36:45'),
(17, 17, 'Kepulauan Riau', '2022-02-25 20:36:46', '2022-02-25 20:36:46'),
(18, 18, 'Lampung', '2022-02-25 20:36:47', '2022-02-25 20:36:47'),
(19, 19, 'Maluku', '2022-02-25 20:36:48', '2022-02-25 20:36:48'),
(20, 20, 'Maluku Utara', '2022-02-25 20:36:50', '2022-02-25 20:36:50'),
(21, 21, 'Nanggroe Aceh Darussalam (NAD)', '2022-02-25 20:36:51', '2022-02-25 20:36:51'),
(22, 22, 'Nusa Tenggara Barat (NTB)', '2022-02-25 20:36:52', '2022-02-25 20:36:52'),
(23, 23, 'Nusa Tenggara Timur (NTT)', '2022-02-25 20:36:53', '2022-02-25 20:36:53'),
(24, 24, 'Papua', '2022-02-25 20:36:54', '2022-02-25 20:36:54'),
(25, 25, 'Papua Barat', '2022-02-25 20:36:56', '2022-02-25 20:36:56'),
(26, 26, 'Riau', '2022-02-25 20:36:57', '2022-02-25 20:36:57'),
(27, 27, 'Sulawesi Barat', '2022-02-25 20:36:59', '2022-02-25 20:36:59'),
(28, 28, 'Sulawesi Selatan', '2022-02-25 20:37:00', '2022-02-25 20:37:00'),
(29, 29, 'Sulawesi Tengah', '2022-02-25 20:37:01', '2022-02-25 20:37:01'),
(30, 30, 'Sulawesi Tenggara', '2022-02-25 20:37:02', '2022-02-25 20:37:02'),
(31, 31, 'Sulawesi Utara', '2022-02-25 20:37:03', '2022-02-25 20:37:03'),
(32, 32, 'Sumatera Barat', '2022-02-25 20:37:05', '2022-02-25 20:37:05'),
(33, 33, 'Sumatera Selatan', '2022-02-25 20:37:06', '2022-02-25 20:37:06'),
(34, 34, 'Sumatera Utara', '2022-02-25 20:37:07', '2022-02-25 20:37:07');

-- --------------------------------------------------------

--
-- Table structure for table `users`
--

CREATE TABLE `users` (
  `id` bigint(20) UNSIGNED NOT NULL,
  `name` varchar(191) COLLATE utf8mb4_unicode_ci NOT NULL,
  `phone` varchar(191) COLLATE utf8mb4_unicode_ci NOT NULL,
  `address` varchar(191) COLLATE utf8mb4_unicode_ci NOT NULL,
  `email` varchar(191) COLLATE utf8mb4_unicode_ci NOT NULL,
  `email_verified_at` timestamp NULL DEFAULT NULL,
  `password` varchar(191) COLLATE utf8mb4_unicode_ci NOT NULL,
  `img_profile` varchar(191) COLLATE utf8mb4_unicode_ci NOT NULL DEFAULT 'default_dp.png',
  `role_as` tinyint(4) NOT NULL DEFAULT 0,
  `remember_token` varchar(100) COLLATE utf8mb4_unicode_ci DEFAULT NULL,
  `created_at` timestamp NULL DEFAULT NULL,
  `updated_at` timestamp NULL DEFAULT NULL
) ENGINE=InnoDB DEFAULT CHARSET=utf8mb4 COLLATE=utf8mb4_unicode_ci;

--
-- Dumping data for table `users`
--

INSERT INTO `users` (`id`, `name`, `phone`, `address`, `email`, `email_verified_at`, `password`, `img_profile`, `role_as`, `remember_token`, `created_at`, `updated_at`) VALUES
(1, 'Admin', '081235446672', 'Jl. Tukad Badung No. 12, Denpasar, Bali,8899', 'admin@gmail.com', '2022-02-13 19:40:56', '$2y$10$wScV3lVVuCsTJST7YOPEwe3M8qQ4G7bUH7reNA8n62Dqx.0skHysC', '1647229129_622eb8c9aca63.png', 1, 'K5Ft3VqOrKEmiJEKE9rJZb8wDYH64EJeaDGlWQCmi1bYOqSP3COuYXRBtUIf', '2022-02-13 18:42:57', '2022-03-31 09:45:15'),
(2, 'Chancellor Pollard', '', '', 'fekaw@mailinator.com', NULL, '$2y$10$GpGCWldoC4Yte9eoZBHlve7/xsDxClgN3WwQlXBwHwQ9qly7OiBle', 'default_dp.png', 0, NULL, '2022-02-13 18:56:04', '2022-02-13 18:56:04'),
(3, 'Jakeem Villarreal', '321321321', 'Jl. Tukad Pakerisan no.21,Denpasar,Bali,8899', 'gakici@mailinator.com', '2022-02-13 22:06:36', '$2y$10$gE96UbEqMGe8pPumAufK7.9/Z5P0EA/V8g6RTzqSr4CEA706INVOy', '1647231185_622ec0d1d3404.png', 0, 'LbWRvZ4lXfW43j9n5Bw9hjjk1LUkuE0BAj5KvWRPwiGSC1kpKpMLSTiQX96Q', '2022-02-13 19:04:35', '2022-03-14 05:42:39');

--
-- Indexes for dumped tables
--

--
-- Indexes for table `carts`
--
ALTER TABLE `carts`
  ADD PRIMARY KEY (`id`);

--
-- Indexes for table `categories`
--
ALTER TABLE `categories`
  ADD PRIMARY KEY (`id`);

--
-- Indexes for table `cities`
--
ALTER TABLE `cities`
  ADD PRIMARY KEY (`id`);

--
-- Indexes for table `company`
--
ALTER TABLE `company`
  ADD PRIMARY KEY (`id`);

--
-- Indexes for table `failed_jobs`
--
ALTER TABLE `failed_jobs`
  ADD PRIMARY KEY (`id`),
  ADD UNIQUE KEY `failed_jobs_uuid_unique` (`uuid`);

--
-- Indexes for table `gallery`
--
ALTER TABLE `gallery`
  ADD PRIMARY KEY (`id`);

--
-- Indexes for table `migrations`
--
ALTER TABLE `migrations`
  ADD PRIMARY KEY (`id`);

--
-- Indexes for table `notifications`
--
ALTER TABLE `notifications`
  ADD PRIMARY KEY (`id`),
  ADD KEY `notifications_notifiable_type_notifiable_id_index` (`notifiable_type`,`notifiable_id`);

--
-- Indexes for table `orders`
--
ALTER TABLE `orders`
  ADD PRIMARY KEY (`id`);

--
-- Indexes for table `order_items`
--
ALTER TABLE `order_items`
  ADD PRIMARY KEY (`id`);

--
-- Indexes for table `password_resets`
--
ALTER TABLE `password_resets`
  ADD KEY `password_resets_email_index` (`email`);

--
-- Indexes for table `personal_access_tokens`
--
ALTER TABLE `personal_access_tokens`
  ADD PRIMARY KEY (`id`),
  ADD UNIQUE KEY `personal_access_tokens_token_unique` (`token`),
  ADD KEY `personal_access_tokens_tokenable_type_tokenable_id_index` (`tokenable_type`,`tokenable_id`);

--
-- Indexes for table `products`
--
ALTER TABLE `products`
  ADD PRIMARY KEY (`id`);

--
-- Indexes for table `provinces`
--
ALTER TABLE `provinces`
  ADD PRIMARY KEY (`id`);

--
-- Indexes for table `users`
--
ALTER TABLE `users`
  ADD PRIMARY KEY (`id`),
  ADD UNIQUE KEY `users_email_unique` (`email`);

--
-- AUTO_INCREMENT for dumped tables
--

--
-- AUTO_INCREMENT for table `carts`
--
ALTER TABLE `carts`
  MODIFY `id` bigint(20) UNSIGNED NOT NULL AUTO_INCREMENT, AUTO_INCREMENT=80;

--
-- AUTO_INCREMENT for table `categories`
--
ALTER TABLE `categories`
  MODIFY `id` bigint(20) UNSIGNED NOT NULL AUTO_INCREMENT, AUTO_INCREMENT=37;

--
-- AUTO_INCREMENT for table `cities`
--
ALTER TABLE `cities`
  MODIFY `id` bigint(20) UNSIGNED NOT NULL AUTO_INCREMENT, AUTO_INCREMENT=502;

--
-- AUTO_INCREMENT for table `company`
--
ALTER TABLE `company`
  MODIFY `id` bigint(20) UNSIGNED NOT NULL AUTO_INCREMENT, AUTO_INCREMENT=2;

--
-- AUTO_INCREMENT for table `failed_jobs`
--
ALTER TABLE `failed_jobs`
  MODIFY `id` bigint(20) UNSIGNED NOT NULL AUTO_INCREMENT;

--
-- AUTO_INCREMENT for table `gallery`
--
ALTER TABLE `gallery`
  MODIFY `id` bigint(20) UNSIGNED NOT NULL AUTO_INCREMENT, AUTO_INCREMENT=35;

--
-- AUTO_INCREMENT for table `migrations`
--
ALTER TABLE `migrations`
  MODIFY `id` int(10) UNSIGNED NOT NULL AUTO_INCREMENT, AUTO_INCREMENT=15;

--
-- AUTO_INCREMENT for table `orders`
--
ALTER TABLE `orders`
  MODIFY `id` bigint(20) UNSIGNED NOT NULL AUTO_INCREMENT, AUTO_INCREMENT=9;

--
-- AUTO_INCREMENT for table `order_items`
--
ALTER TABLE `order_items`
  MODIFY `id` bigint(20) UNSIGNED NOT NULL AUTO_INCREMENT, AUTO_INCREMENT=14;

--
-- AUTO_INCREMENT for table `personal_access_tokens`
--
ALTER TABLE `personal_access_tokens`
  MODIFY `id` bigint(20) UNSIGNED NOT NULL AUTO_INCREMENT;

--
-- AUTO_INCREMENT for table `products`
--
ALTER TABLE `products`
  MODIFY `id` bigint(20) UNSIGNED NOT NULL AUTO_INCREMENT, AUTO_INCREMENT=249;

--
-- AUTO_INCREMENT for table `provinces`
--
ALTER TABLE `provinces`
  MODIFY `id` bigint(20) UNSIGNED NOT NULL AUTO_INCREMENT, AUTO_INCREMENT=35;

--
-- AUTO_INCREMENT for table `users`
--
ALTER TABLE `users`
  MODIFY `id` bigint(20) UNSIGNED NOT NULL AUTO_INCREMENT, AUTO_INCREMENT=34;
COMMIT;

/*!40101 SET CHARACTER_SET_CLIENT=@OLD_CHARACTER_SET_CLIENT */;
/*!40101 SET CHARACTER_SET_RESULTS=@OLD_CHARACTER_SET_RESULTS */;
/*!40101 SET COLLATION_CONNECTION=@OLD_COLLATION_CONNECTION */;
